Year,Destination_Country,Region,Total_Indian_Migrants,Permanent_Migrants,Temporary_Workers,Students,Remittance_USD_Billion,Unemployment_India,GDP_India,log_migrants
2000,Australia,Oceania,173000.0,,,,12.88,7.62,468.4,12.061046873479915
2010,Australia,Oceania,330000.0,17000.0,,,53.48,7.63,1676.0,12.706847933442663
2015,Australia,Oceania,448000.0,,,,68.91,7.63,2104.0,13.012548511397123
2020,Australia,Oceania,721000.0,21791.0,10071.0,47031.0,83.15,7.86,2675.0,13.488394416267086
2024,Australia,Oceania,916000.0,,,302758.0,137.67,4.17,3910.0,13.727771643656267
2000,Canada,North America,217000.0,26122.0,,,12.88,7.62,468.4,12.287652632522597
2010,Canada,North America,540000.0,30311.0,,,53.48,7.63,1676.0,13.199324418540456
2015,Canada,North America,710000.0,39340.0,,172600.0,68.91,7.63,2104.0,13.473020249017498
2020,Canada,North America,1020000.0,42875.0,,,83.15,7.86,2675.0,13.835313185260453
2024,Canada,North America,1280000.0,127375.0,,,137.67,4.17,3910.0,14.0623706358958
2010,Germany,Europe,60000.0,,,,53.48,7.63,1676.0,11.002099841204238
2015,Germany,Europe,98000.0,,,,68.91,7.63,2104.0,11.49272275765271
2020,Germany,Europe,210000.0,,,28905.0,83.15,7.86,2675.0,12.254862809699606
2024,Germany,Europe,285000.0,,,,137.67,4.17,3910.0,12.560244459250788
2000,Singapore,Asia,85000.0,,,,12.88,7.62,468.4,11.350406535472453
2010,Singapore,Asia,210000.0,,,,53.48,7.63,1676.0,12.254862809699606
2015,Singapore,Asia,310000.0,,,,68.91,7.63,2104.0,12.644327576461329
2020,Singapore,Asia,370000.0,,,,83.15,7.86,2675.0,12.821258284620408
2024,Singapore,Asia,395000.0,,,,137.67,4.17,3910.0,12.886641043883259
2000,UAE,Middle East,950000.0,,,,12.88,7.62,468.4,13.764217263576723
2010,UAE,Middle East,2250000.0,,,,53.48,7.63,1676.0,14.626440774180603
2015,UAE,Middle East,2800000.0,,,,68.91,7.63,2104.0,14.845129975145433
2020,UAE,Middle East,3500000.0,,,,83.15,7.86,2675.0,15.068273526459642
2024,UAE,Middle East,3250000.0,,,,137.67,4.17,3910.0,14.994165554305921
2000,UK,Europe,570000.0,,,,12.88,7.62,468.4,13.253391639810733
2010,UK,Europe,710000.0,,,,53.48,7.63,1676.0,13.473020249017498
2015,UK,Europe,800000.0,,,,68.91,7.63,2104.0,13.592367006650065
2020,UK,Europe,890000.0,,31238.0,,83.15,7.86,2675.0,13.698976741708323
2024,UK,Europe,970000.0,,81463.0,92355.0,137.67,4.17,3910.0,13.785051350479566
2000,USA,North America,1005000.0,,,,12.88,7.62,468.4,13.820498099475314
2005,USA,North America,1390000.0,,,,22.13,7.55,820.38,14.144814305106875
2010,USA,North America,2060000.0,,,,53.48,7.63,1676.0,14.538216540765763
2015,USA,North America,2400000.0,,,165918.0,68.91,7.63,2104.0,14.690979295318174
2020,USA,North America,2700000.0,,,167582.0,83.15,7.86,2675.0,14.808762330974558
2024,USA,North America,3170000.0,,,,137.67,4.17,3910.0,14.969242145853464
