Year,Destination_Country,Region,Total_Indian_Migrants,Permanent_Migrants,Temporary_Workers,Students,Remittance_USD_Billion,Unemployment_India,GDP_India
2000,Australia,Oceania,173000.0,,,,12.88,7.62,468.4
2001,Australia,Oceania,,,,,14.27,7.61,485.44
2002,Australia,Oceania,,,,,15.74,7.68,514.94
2003,Australia,Oceania,,,,,21.0,7.63,607.7
2004,Australia,Oceania,,,,,18.75,7.6,709.15
2005,Australia,Oceania,,,,,22.13,7.55,820.38
2006,Australia,Oceania,,,,,28.33,7.55,940.26
2007,Australia,Oceania,,,,,37.22,7.56,1217.0
2008,Australia,Oceania,,,,,49.98,7.63,1199.0
2009,Australia,Oceania,,,,,49.2,7.64,1342.0
2010,Australia,Oceania,330000.0,17000.0,,,53.48,7.63,1676.0
2011,Australia,Oceania,,,,,62.5,7.61,1823.0
2012,Australia,Oceania,,,,,68.82,7.64,1828.0
2013,Australia,Oceania,,,,,69.97,7.68,1857.0
2014,Australia,Oceania,,,,,70.39,7.66,2039.0000000000002
2015,Australia,Oceania,448000.0,,,,68.91,7.63,2104.0
2016,Australia,Oceania,,,,,62.74,7.61,2295.0
2017,Australia,Oceania,,33310.0,16124.0,49469.0,68.97,7.63,2651.0
2018,Australia,Oceania,,33611.0,22357.0,66449.0,78.79,7.65,2703.0
2019,Australia,Oceania,,25698.0,13434.0,55560.0,83.33,6.51,2836.0
2020,Australia,Oceania,721000.0,21791.0,10071.0,47031.0,83.15,7.86,2675.0
2021,Australia,Oceania,,24324.0,18717.0,200325.0,89.38,6.38,3167.0
2022,Australia,Oceania,,41145.0,27402.0,357038.0,111.22,4.82,3346.0
2023,Australia,Oceania,,,,287259.0,119.53,4.17,3638.0
2024,Australia,Oceania,916000.0,,,302758.0,137.67,4.17,3910.0
2025,Australia,Oceania,,,,,,4.22,
2026,Australia,Oceania,,,,,,,
2000,Canada,North America,217000.0,26122.0,,,12.88,7.62,468.4
2001,Canada,North America,,,,,14.27,7.61,485.44
2002,Canada,North America,,,,,15.74,7.68,514.94
2003,Canada,North America,,,,,21.0,7.63,607.7
2004,Canada,North America,,,,,18.75,7.6,709.15
2005,Canada,North America,,,,,22.13,7.55,820.38
2006,Canada,North America,,,,,28.33,7.55,940.26
2007,Canada,North America,,,,,37.22,7.56,1217.0
2008,Canada,North America,,,,,49.98,7.63,1199.0
2009,Canada,North America,,,,,49.2,7.64,1342.0
2010,Canada,North America,540000.0,30311.0,,,53.48,7.63,1676.0
2011,Canada,North America,,,,,62.5,7.61,1823.0
2012,Canada,North America,,,,,68.82,7.64,1828.0
2013,Canada,North America,,,,,69.97,7.68,1857.0
2014,Canada,North America,,,,,70.39,7.66,2039.0000000000002
2015,Canada,North America,710000.0,39340.0,,172600.0,68.91,7.63,2104.0
2016,Canada,North America,,,,,62.74,7.61,2295.0
2017,Canada,North America,,,,,68.97,7.63,2651.0
2018,Canada,North America,,69985.0,,,78.79,7.65,2703.0
2019,Canada,North America,,85590.0,,,83.33,6.51,2836.0
2020,Canada,North America,1020000.0,42875.0,,,83.15,7.86,2675.0
2021,Canada,North America,,127945.0,,,89.38,6.38,3167.0
2022,Canada,North America,,118250.0,,,111.22,4.82,3346.0
2023,Canada,North America,,139790.0,,427000.0,119.53,4.17,3638.0
2024,Canada,North America,1280000.0,127375.0,,,137.67,4.17,3910.0
2025,Canada,North America,,98825.0,,,,4.22,
2026,Canada,North America,,,,,,,
2000,Germany,Europe,,,,,12.88,7.62,468.4
2001,Germany,Europe,,,,,14.27,7.61,485.44
2002,Germany,Europe,,,,,15.74,7.68,514.94
2003,Germany,Europe,,,,,21.0,7.63,607.7
2004,Germany,Europe,,,,,18.75,7.6,709.15
2005,Germany,Europe,,,,,22.13,7.55,820.38
2006,Germany,Europe,,,,,28.33,7.55,940.26
2007,Germany,Europe,,,,,37.22,7.56,1217.0
2008,Germany,Europe,,,,,49.98,7.63,1199.0
2009,Germany,Europe,,,,,49.2,7.64,1342.0
2010,Germany,Europe,60000.0,,,,53.48,7.63,1676.0
2011,Germany,Europe,,,,,62.5,7.61,1823.0
2012,Germany,Europe,,,,,68.82,7.64,1828.0
2013,Germany,Europe,,,,,69.97,7.68,1857.0
2014,Germany,Europe,,,,,70.39,7.66,2039.0000000000002
2015,Germany,Europe,98000.0,,,,68.91,7.63,2104.0
2016,Germany,Europe,,,,,62.74,7.61,2295.0
2017,Germany,Europe,,,,,68.97,7.63,2651.0
2018,Germany,Europe,,,,,78.79,7.65,2703.0
2019,Germany,Europe,,,,,83.33,6.51,2836.0
2020,Germany,Europe,210000.0,,,28905.0,83.15,7.86,2675.0
2021,Germany,Europe,,,,,89.38,6.38,3167.0
2022,Germany,Europe,,,,,111.22,4.82,3346.0
2023,Germany,Europe,,,,,119.53,4.17,3638.0
2024,Germany,Europe,285000.0,,,,137.67,4.17,3910.0
2025,Germany,Europe,,,,60000.0,,4.22,
2026,Germany,Europe,,,,,,,
2000,Singapore,Asia,85000.0,,,,12.88,7.62,468.4
2001,Singapore,Asia,,,,,14.27,7.61,485.44
2002,Singapore,Asia,,,,,15.74,7.68,514.94
2003,Singapore,Asia,,,,,21.0,7.63,607.7
2004,Singapore,Asia,,,,,18.75,7.6,709.15
2005,Singapore,Asia,,,,,22.13,7.55,820.38
2006,Singapore,Asia,,,,,28.33,7.55,940.26
2007,Singapore,Asia,,,,,37.22,7.56,1217.0
2008,Singapore,Asia,,,,,49.98,7.63,1199.0
2009,Singapore,Asia,,,,,49.2,7.64,1342.0
2010,Singapore,Asia,210000.0,,,,53.48,7.63,1676.0
2011,Singapore,Asia,,,,,62.5,7.61,1823.0
2012,Singapore,Asia,,,,,68.82,7.64,1828.0
2013,Singapore,Asia,,,,,69.97,7.68,1857.0
2014,Singapore,Asia,,,,,70.39,7.66,2039.0000000000002
2015,Singapore,Asia,310000.0,,,,68.91,7.63,2104.0
2016,Singapore,Asia,,,,,62.74,7.61,2295.0
2017,Singapore,Asia,,,,,68.97,7.63,2651.0
2018,Singapore,Asia,,,,,78.79,7.65,2703.0
2019,Singapore,Asia,,,,,83.33,6.51,2836.0
2020,Singapore,Asia,370000.0,,,,83.15,7.86,2675.0
2021,Singapore,Asia,,,,,89.38,6.38,3167.0
2022,Singapore,Asia,,,,,111.22,4.82,3346.0
2023,Singapore,Asia,,,,,119.53,4.17,3638.0
2024,Singapore,Asia,395000.0,,,,137.67,4.17,3910.0
2025,Singapore,Asia,,,,,,4.22,
2026,Singapore,Asia,,,,,,,
2000,UAE,Middle East,950000.0,,,,12.88,7.62,468.4
2001,UAE,Middle East,,,,,14.27,7.61,485.44
2002,UAE,Middle East,,,,,15.74,7.68,514.94
2003,UAE,Middle East,,,,,21.0,7.63,607.7
2004,UAE,Middle East,,,,,18.75,7.6,709.15
2005,UAE,Middle East,,,,,22.13,7.55,820.38
2006,UAE,Middle East,,,,,28.33,7.55,940.26
2007,UAE,Middle East,,,,,37.22,7.56,1217.0
2008,UAE,Middle East,,,,,49.98,7.63,1199.0
2009,UAE,Middle East,,,,,49.2,7.64,1342.0
2010,UAE,Middle East,2250000.0,,,,53.48,7.63,1676.0
2011,UAE,Middle East,,,,,62.5,7.61,1823.0
2012,UAE,Middle East,,,,,68.82,7.64,1828.0
2013,UAE,Middle East,,,,,69.97,7.68,1857.0
2014,UAE,Middle East,,,,,70.39,7.66,2039.0000000000002
2015,UAE,Middle East,2800000.0,,,,68.91,7.63,2104.0
2016,UAE,Middle East,,,,,62.74,7.61,2295.0
2017,UAE,Middle East,,,,,68.97,7.63,2651.0
2018,UAE,Middle East,,,,,78.79,7.65,2703.0
2019,UAE,Middle East,,,,,83.33,6.51,2836.0
2020,UAE,Middle East,3500000.0,,,,83.15,7.86,2675.0
2021,UAE,Middle East,,,,,89.38,6.38,3167.0
2022,UAE,Middle East,,,,,111.22,4.82,3346.0
2023,UAE,Middle East,,,,,119.53,4.17,3638.0
2024,UAE,Middle East,3250000.0,,,,137.67,4.17,3910.0
2025,UAE,Middle East,,,,,,4.22,
2026,UAE,Middle East,,,,,,,
2000,UK,Europe,570000.0,,,,12.88,7.62,468.4
2001,UK,Europe,,,,,14.27,7.61,485.44
2002,UK,Europe,,,,,15.74,7.68,514.94
2003,UK,Europe,,,,,21.0,7.63,607.7
2004,UK,Europe,,,,,18.75,7.6,709.15
2005,UK,Europe,,,,,22.13,7.55,820.38
2006,UK,Europe,,,,,28.33,7.55,940.26
2007,UK,Europe,,,,,37.22,7.56,1217.0
2008,UK,Europe,,,,,49.98,7.63,1199.0
2009,UK,Europe,,,,,49.2,7.64,1342.0
2010,UK,Europe,710000.0,,,,53.48,7.63,1676.0
2011,UK,Europe,,,,,62.5,7.61,1823.0
2012,UK,Europe,,,,,68.82,7.64,1828.0
2013,UK,Europe,,,,,69.97,7.68,1857.0
2014,UK,Europe,,,,,70.39,7.66,2039.0000000000002
2015,UK,Europe,800000.0,,,,68.91,7.63,2104.0
2016,UK,Europe,,,,,62.74,7.61,2295.0
2017,UK,Europe,,,,,68.97,7.63,2651.0
2018,UK,Europe,,,,,78.79,7.65,2703.0
2019,UK,Europe,,,57087.0,,83.33,6.51,2836.0
2020,UK,Europe,890000.0,,31238.0,,83.15,7.86,2675.0
2021,UK,Europe,,,64839.0,,89.38,6.38,3167.0
2022,UK,Europe,,,59944.0,,111.22,4.82,3346.0
2023,UK,Europe,,,162655.0,159371.0,119.53,4.17,3638.0
2024,UK,Europe,970000.0,,81463.0,92355.0,137.67,4.17,3910.0
2025,UK,Europe,,,,,,4.22,
2026,UK,Europe,,,,,,,
2000,USA,North America,1005000.0,,,,12.88,7.62,468.4
2001,USA,North America,,,,,14.27,7.61,485.44
2002,USA,North America,,,,,15.74,7.68,514.94
2003,USA,North America,,,,,21.0,7.63,607.7
2004,USA,North America,,,,,18.75,7.6,709.15
2005,USA,North America,1390000.0,,,,22.13,7.55,820.38
2006,USA,North America,,,,,28.33,7.55,940.26
2007,USA,North America,,,,,37.22,7.56,1217.0
2008,USA,North America,,,,,49.98,7.63,1199.0
2009,USA,North America,,,,,49.2,7.64,1342.0
2010,USA,North America,2060000.0,,,,53.48,7.63,1676.0
2011,USA,North America,,,,,62.5,7.61,1823.0
2012,USA,North America,,,,,68.82,7.64,1828.0
2013,USA,North America,,,,,69.97,7.68,1857.0
2014,USA,North America,,,,,70.39,7.66,2039.0000000000002
2015,USA,North America,2400000.0,,,165918.0,68.91,7.63,2104.0
2016,USA,North America,,,,186267.0,62.74,7.61,2295.0
2017,USA,North America,,,,196271.0,68.97,7.63,2651.0
2018,USA,North America,,,,202014.0,78.79,7.65,2703.0
2019,USA,North America,,,,193124.0,83.33,6.51,2836.0
2020,USA,North America,2700000.0,,,167582.0,83.15,7.86,2675.0
2021,USA,North America,,,,199182.0,89.38,6.38,3167.0
2022,USA,North America,,,,268923.0,111.22,4.82,3346.0
2023,USA,North America,,,,331602.0,119.53,4.17,3638.0
2024,USA,North America,3170000.0,,,,137.67,4.17,3910.0
2025,USA,North America,,,,,,4.22,
2026,USA,North America,,,,,,,
